Nx, Error pressure, p = 1, p = 1.5
10, 17196.4, 0.1, 0.0316228, 
20, 11520, 0.05, 0.0111803, 
40, 15145.2, 0.025, 0.00395285, 
80, 21673.4, 0.0125, 0.00139754, 
160, 30801.5, 0.00625, 0.000494106, 
