space, Nx=10
0, 0.1
0.1, 0.158779
0.2, 0.253884
0.3, 0.253884
0.4, 0.158779
0.5, 0.1
0.6, 0.158779
0.7, 0.253884
0.8, 0.253884
0.9, 0.158779
1, 0.1
