space, pressure
0.05, 974917
0.155556, 924250
0.261111, 872083
0.366667, 817417
0.472222, 759250
0.577778, 696583
0.683333, 628417
0.788889, 553750
0.894444, 471583
1, 380917
